{
  "run_id": 2,
  "model": "gpt-4o",
  "prompt_type": "detailed",
  "temperature": 1.0,
  "metrics": {
    "Randomized Exposure": {
      "accuracy": 0.9833333333333333,
      "precision": 0.9767441860465116,
      "recall": 0.9545454545454546,
      "f1": 0.9655172413793104,
      "auc": 0.5282419786096257,
      "pr_auc": 0.2608718984500398,
      "n_samples": 180
    },
    "Causal Mediation": {
      "accuracy": 0.6,
      "precision": 0.06756756756756757,
      "recall": 0.625,
      "f1": 0.12195121951219512,
      "auc": 0.6326308139534884,
      "pr_auc": 0.10566299274395996,
      "n_samples": 180
    },
    "Examined Mediator-Outcome Linearity": {
      "accuracy": 0.9055555555555556,
      "precision": 0.0,
      "recall": 0.0,
      "f1": 0.0,
      "auc": 0.4700946643717728,
      "pr_auc": 0.07465828462372241,
      "n_samples": 180
    },
    "Examined Exposure-Mediator Interaction": {
      "accuracy": 0.7666666666666667,
      "precision": 0.07142857142857142,
      "recall": 0.5,
      "f1": 0.125,
      "auc": 0.856800766283525,
      "pr_auc": 0.15828445747800587,
      "n_samples": 180
    },
    "Covariates in Exposure-Mediator Model": {
      "accuracy": 0.7111111111111111,
      "precision": 0.6692913385826772,
      "recall": 0.8947368421052632,
      "f1": 0.7657657657657657,
      "auc": 0.756594427244582,
      "pr_auc": 0.7340271123499489,
      "n_samples": 180
    },
    "Covariates in Exposure-Outcome Model": {
      "accuracy": 0.6666666666666666,
      "precision": 0.6291390728476821,
      "recall": 0.9595959595959596,
      "f1": 0.76,
      "auc": 0.7359396433470508,
      "pr_auc": 0.7167355636973581,
      "n_samples": 180
    },
    "Covariates in Mediator-Outcome Model": {
      "accuracy": 0.6777777777777778,
      "precision": 0.6394557823129252,
      "recall": 0.9494949494949495,
      "f1": 0.7642276422764228,
      "auc": 0.7510911584985659,
      "pr_auc": 0.7359963826581642,
      "n_samples": 180
    },
    "Control for Baseline Mediator": {
      "accuracy": 0.9166666666666666,
      "precision": 0.6818181818181818,
      "recall": 0.6521739130434783,
      "f1": 0.6666666666666666,
      "auc": 0.8119634450290778,
      "pr_auc": 0.5281690399265493,
      "n_samples": 180
    },
    "Control for Baseline Outcome": {
      "accuracy": 0.9111111111111111,
      "precision": 0.6428571428571429,
      "recall": 0.9642857142857143,
      "f1": 0.7714285714285715,
      "auc": 0.9463110902255639,
      "pr_auc": 0.6657176629517055,
      "n_samples": 180
    },
    "Temporal Ordering Exposure Before Mediator": {
      "accuracy": 0.7611111111111111,
      "precision": 0.6605504587155964,
      "recall": 0.9230769230769231,
      "f1": 0.7700534759358288,
      "auc": 0.8419431875314227,
      "pr_auc": 0.7346502528032506,
      "n_samples": 180
    },
    "Temporal Ordering Mediator Before Outcome": {
      "accuracy": 0.6611111111111111,
      "precision": 0.4690265486725664,
      "recall": 0.9814814814814815,
      "f1": 0.6347305389221557,
      "auc": 0.8818342151675485,
      "pr_auc": 0.6729278222010052,
      "n_samples": 180
    },
    "Discussed Mediator Assumptions": {
      "accuracy": 0.4166666666666667,
      "precision": 0.3581081081081081,
      "recall": 0.8412698412698413,
      "f1": 0.5023696682464455,
      "auc": 0.5872337539004205,
      "pr_auc": 0.41065458752806605,
      "n_samples": 180
    },
    "Sensitivity Analysis to Assumption": {
      "accuracy": 0.8611111111111112,
      "precision": 0.1111111111111111,
      "recall": 0.75,
      "f1": 0.1935483870967742,
      "auc": 0.8188920454545455,
      "pr_auc": 0.07938842203548085,
      "n_samples": 180
    },
    "Control for Other Post-Exposure Variables": {
      "accuracy": 0.9,
      "precision": 0.21428571428571427,
      "recall": 0.3,
      "f1": 0.25,
      "auc": 0.6055882352941176,
      "pr_auc": 0.16026801196924387,
      "n_samples": 180
    },
    "overall": {
      "accuracy": 0.7670634920634921,
      "precision": 0.7332252214549766,
      "recall": 0.8049076517150395,
      "f1": 0.7384889731497031,
      "auc": 0.7911497625329815,
      "pr_auc": 0.4790506096505915,
      "n_samples": 2520,
      "n_positive": 625,
      "n_classes": 2
    }
  },
  "n_predictions": 180,
  "output_file": "results/predictions_gpt_4o_detailed_run2_temp1.0.json",
  "confidence_file": "results/predictions_gpt_4o_detailed_run2_temp1.0_confidence.json",
  "checkpoint_file": "results/checkpoint_gpt_4o_detailed_run2_temp1.0.pkl",
  "timestamp": "2026-01-16T23:18:17.542458",
  "task_id": "gpt-4o_detailed_run2_temp1.0"
}