{
  "run_id": 2,
  "model": "gpt-4o-mini",
  "prompt_type": "detailed",
  "temperature": 1.0,
  "metrics": {
    "Randomized Exposure": {
      "accuracy": 0.9555555555555556,
      "precision": 0.86,
      "recall": 0.9772727272727273,
      "f1": 0.9148936170212766,
      "auc": 0.4471089572192513,
      "pr_auc": 0.2335721958389869,
      "n_samples": 180
    },
    "Causal Mediation": {
      "accuracy": 0.08333333333333333,
      "precision": 0.046242774566473986,
      "recall": 1.0,
      "f1": 0.08839779005524862,
      "auc": 0.6242732558139535,
      "pr_auc": 0.09311378729309149,
      "n_samples": 180
    },
    "Examined Mediator-Outcome Linearity": {
      "accuracy": 0.8833333333333333,
      "precision": 0.0,
      "recall": 0.0,
      "f1": 0.0,
      "auc": 0.5092512908777969,
      "pr_auc": 0.08055841075584522,
      "n_samples": 180
    },
    "Examined Exposure-Mediator Interaction": {
      "accuracy": 0.7444444444444445,
      "precision": 0.08333333333333333,
      "recall": 0.6666666666666666,
      "f1": 0.14814814814814814,
      "auc": 0.5699233716475095,
      "pr_auc": 0.04292513430593192,
      "n_samples": 180
    },
    "Covariates in Exposure-Mediator Model": {
      "accuracy": 0.5333333333333333,
      "precision": 0.5310734463276836,
      "recall": 0.9894736842105263,
      "f1": 0.6911764705882353,
      "auc": 0.6611764705882353,
      "pr_auc": 0.6427797621551172,
      "n_samples": 180
    },
    "Covariates in Exposure-Outcome Model": {
      "accuracy": 0.5555555555555556,
      "precision": 0.5536723163841808,
      "recall": 0.98989898989899,
      "f1": 0.7101449275362319,
      "auc": 0.6521386706571892,
      "pr_auc": 0.6500090244997324,
      "n_samples": 180
    },
    "Covariates in Mediator-Outcome Model": {
      "accuracy": 0.55,
      "precision": 0.5511363636363636,
      "recall": 0.9797979797979798,
      "f1": 0.7054545454545454,
      "auc": 0.662302032672403,
      "pr_auc": 0.6580509087453832,
      "n_samples": 180
    },
    "Control for Baseline Mediator": {
      "accuracy": 0.8166666666666667,
      "precision": 0.4074074074074074,
      "recall": 0.9565217391304348,
      "f1": 0.5714285714285714,
      "auc": 0.4889227360841872,
      "pr_auc": 0.13042060892054136,
      "n_samples": 180
    },
    "Control for Baseline Outcome": {
      "accuracy": 0.8333333333333334,
      "precision": 0.4827586206896552,
      "recall": 1.0,
      "f1": 0.6511627906976745,
      "auc": 0.5683740601503758,
      "pr_auc": 0.17710187918172615,
      "n_samples": 180
    },
    "Temporal Ordering Exposure Before Mediator": {
      "accuracy": 0.46111111111111114,
      "precision": 0.44508670520231214,
      "recall": 0.9871794871794872,
      "f1": 0.6135458167330677,
      "auc": 0.6098541980894923,
      "pr_auc": 0.5061277212965848,
      "n_samples": 180
    },
    "Temporal Ordering Mediator Before Outcome": {
      "accuracy": 0.31666666666666665,
      "precision": 0.3028571428571429,
      "recall": 0.9814814814814815,
      "f1": 0.462882096069869,
      "auc": 0.5986919459141681,
      "pr_auc": 0.3628687654983767,
      "n_samples": 180
    },
    "Discussed Mediator Assumptions": {
      "accuracy": 0.35555555555555557,
      "precision": 0.35195530726256985,
      "recall": 1.0,
      "f1": 0.5206611570247934,
      "auc": 0.4984398317731651,
      "pr_auc": 0.3463570533804844,
      "n_samples": 180
    },
    "Sensitivity Analysis to Assumption": {
      "accuracy": 0.43333333333333335,
      "precision": 0.03773584905660377,
      "recall": 1.0,
      "f1": 0.07272727272727272,
      "auc": 0.578125,
      "pr_auc": 0.03070175438596491,
      "n_samples": 180
    },
    "Control for Other Post-Exposure Variables": {
      "accuracy": 0.9111111111111111,
      "precision": 0.2,
      "recall": 0.2,
      "f1": 0.2,
      "auc": 0.5894117647058824,
      "pr_auc": 0.076241564175339,
      "n_samples": 180
    },
    "overall": {
      "accuracy": 0.6023809523809524,
      "precision": 0.6729803829545705,
      "recall": 0.7184633245382586,
      "f1": 0.5953575668378585,
      "auc": 0.5712899208443273,
      "pr_auc": 0.276616435256323,
      "n_samples": 2520,
      "n_positive": 625,
      "n_classes": 2
    }
  },
  "n_predictions": 180,
  "output_file": "results/predictions_gpt_4o_mini_detailed_run2_temp1.0.json",
  "confidence_file": "results/predictions_gpt_4o_mini_detailed_run2_temp1.0_confidence.json",
  "checkpoint_file": "results/checkpoint_gpt_4o_mini_detailed_run2_temp1.0.pkl",
  "timestamp": "2026-01-16T13:08:41.228523",
  "task_id": "gpt-4o-mini_detailed_run2_temp1.0"
}