{
  "run_id": 1,
  "model": "gpt-4o",
  "prompt_type": "basic",
  "temperature": 0.0,
  "metrics": {
    "Randomized Exposure": {
      "accuracy": 0.9777777777777777,
      "precision": 0.9545454545454546,
      "recall": 0.9545454545454546,
      "f1": 0.9545454545454546,
      "auc": 0.6477272727272727,
      "pr_auc": 0.48206647480390497,
      "n_samples": 180
    },
    "Causal Mediation": {
      "accuracy": 0.13333333333333333,
      "precision": 0.04878048780487805,
      "recall": 1.0,
      "f1": 0.09302325581395349,
      "auc": 0.7797965116279071,
      "pr_auc": 0.2214632277834525,
      "n_samples": 180
    },
    "Examined Mediator-Outcome Linearity": {
      "accuracy": 0.6222222222222222,
      "precision": 0.09090909090909091,
      "recall": 0.42857142857142855,
      "f1": 0.15,
      "auc": 0.6133820998278829,
      "pr_auc": 0.12074922234836946,
      "n_samples": 180
    },
    "Examined Exposure-Mediator Interaction": {
      "accuracy": 0.8222222222222222,
      "precision": 0.15789473684210525,
      "recall": 1.0,
      "f1": 0.2727272727272727,
      "auc": 0.8984674329501915,
      "pr_auc": 0.15711382113821137,
      "n_samples": 180
    },
    "Covariates in Exposure-Mediator Model": {
      "accuracy": 0.7611111111111111,
      "precision": 0.7241379310344828,
      "recall": 0.8842105263157894,
      "f1": 0.7962085308056872,
      "auc": 0.821547987616099,
      "pr_auc": 0.7989663459406597,
      "n_samples": 180
    },
    "Covariates in Exposure-Outcome Model": {
      "accuracy": 0.7444444444444445,
      "precision": 0.6934306569343066,
      "recall": 0.9595959595959596,
      "f1": 0.8050847457627118,
      "auc": 0.7926175333582741,
      "pr_auc": 0.7588611776252671,
      "n_samples": 180
    },
    "Covariates in Mediator-Outcome Model": {
      "accuracy": 0.7444444444444445,
      "precision": 0.7022900763358778,
      "recall": 0.9292929292929293,
      "f1": 0.8,
      "auc": 0.7966704077815189,
      "pr_auc": 0.7741206853843847,
      "n_samples": 180
    },
    "Control for Baseline Mediator": {
      "accuracy": 0.9333333333333333,
      "precision": 0.6896551724137931,
      "recall": 0.8695652173913043,
      "f1": 0.7692307692307693,
      "auc": 0.915674328440875,
      "pr_auc": 0.636892566593473,
      "n_samples": 180
    },
    "Control for Baseline Outcome": {
      "accuracy": 0.8888888888888888,
      "precision": 0.5833333333333334,
      "recall": 1.0,
      "f1": 0.7368421052631579,
      "auc": 0.9727443609022556,
      "pr_auc": 0.7851063829787234,
      "n_samples": 180
    },
    "Temporal Ordering Exposure Before Mediator": {
      "accuracy": 0.7555555555555555,
      "precision": 0.6517857142857143,
      "recall": 0.9358974358974359,
      "f1": 0.7684210526315789,
      "auc": 0.8728004022121668,
      "pr_auc": 0.8035065506751973,
      "n_samples": 180
    },
    "Temporal Ordering Mediator Before Outcome": {
      "accuracy": 0.6722222222222223,
      "precision": 0.4778761061946903,
      "recall": 1.0,
      "f1": 0.6467065868263473,
      "auc": 0.8949147560258671,
      "pr_auc": 0.7008420447811352,
      "n_samples": 180
    },
    "Discussed Mediator Assumptions": {
      "accuracy": 0.4888888888888889,
      "precision": 0.3971631205673759,
      "recall": 0.8888888888888888,
      "f1": 0.5490196078431373,
      "auc": 0.6480803147469814,
      "pr_auc": 0.4714031121523719,
      "n_samples": 180
    },
    "Sensitivity Analysis to Assumption": {
      "accuracy": 0.8777777777777778,
      "precision": 0.15384615384615385,
      "recall": 1.0,
      "f1": 0.26666666666666666,
      "auc": 0.9680397727272727,
      "pr_auc": 0.40789473684210525,
      "n_samples": 180
    },
    "Control for Other Post-Exposure Variables": {
      "accuracy": 0.8444444444444444,
      "precision": 0.17857142857142858,
      "recall": 0.5,
      "f1": 0.2631578947368421,
      "auc": 0.6779411764705882,
      "pr_auc": 0.2499620897785685,
      "n_samples": 180
    },
    "overall": {
      "accuracy": 0.7333333333333333,
      "precision": 0.7205578130655399,
      "recall": 0.7948116094986808,
      "f1": 0.7108984641480908,
      "auc": 0.7959358311345647,
      "pr_auc": 0.4929498724278676,
      "n_samples": 2520,
      "n_positive": 625,
      "n_classes": 2
    }
  },
  "n_predictions": 180,
  "output_file": "results/predictions_gpt_4o_basic_run1_temp0.0.json",
  "confidence_file": "results/predictions_gpt_4o_basic_run1_temp0.0_confidence.json",
  "checkpoint_file": "results/checkpoint_gpt_4o_basic_run1_temp0.0.pkl",
  "timestamp": "2025-08-06T19:43:55.183874",
  "task_id": "gpt-4o_basic_run1_temp0.0"
}