{
  "run_id": 4,
  "model": "gpt-4o",
  "prompt_type": "detailed",
  "temperature": 0.5,
  "metrics": {
    "Randomized Exposure": {
      "accuracy": 0.9666666666666667,
      "precision": 0.9318181818181818,
      "recall": 0.9318181818181818,
      "f1": 0.9318181818181818,
      "auc": 0.4989973262032085,
      "pr_auc": 0.2719089119544672,
      "n_samples": 180
    },
    "Causal Mediation": {
      "accuracy": 0.5722222222222222,
      "precision": 0.08433734939759036,
      "recall": 0.875,
      "f1": 0.15384615384615385,
      "auc": 0.7794331395348838,
      "pr_auc": 0.18495124113475175,
      "n_samples": 180
    },
    "Examined Mediator-Outcome Linearity": {
      "accuracy": 0.9166666666666666,
      "precision": 0.0,
      "recall": 0.0,
      "f1": 0.0,
      "auc": 0.435671256454389,
      "pr_auc": 0.0708544185422798,
      "n_samples": 180
    },
    "Examined Exposure-Mediator Interaction": {
      "accuracy": 0.7611111111111111,
      "precision": 0.12244897959183673,
      "recall": 1.0,
      "f1": 0.21818181818181817,
      "auc": 0.8994252873563219,
      "pr_auc": 0.1464285714285714,
      "n_samples": 180
    },
    "Covariates in Exposure-Mediator Model": {
      "accuracy": 0.7,
      "precision": 0.6694214876033058,
      "recall": 0.8526315789473684,
      "f1": 0.75,
      "auc": 0.7514551083591331,
      "pr_auc": 0.7262253541492523,
      "n_samples": 180
    },
    "Covariates in Exposure-Outcome Model": {
      "accuracy": 0.7277777777777777,
      "precision": 0.6785714285714286,
      "recall": 0.9595959595959596,
      "f1": 0.7949790794979079,
      "auc": 0.7742860705823669,
      "pr_auc": 0.7413748880660025,
      "n_samples": 180
    },
    "Covariates in Mediator-Outcome Model": {
      "accuracy": 0.7388888888888889,
      "precision": 0.6940298507462687,
      "recall": 0.9393939393939394,
      "f1": 0.7982832618025751,
      "auc": 0.7598827784012969,
      "pr_auc": 0.7302292647378821,
      "n_samples": 180
    },
    "Control for Baseline Mediator": {
      "accuracy": 0.9222222222222223,
      "precision": 0.7142857142857143,
      "recall": 0.6521739130434783,
      "f1": 0.6818181818181818,
      "auc": 0.8314871226806978,
      "pr_auc": 0.6507577231644219,
      "n_samples": 180
    },
    "Control for Baseline Outcome": {
      "accuracy": 0.9166666666666666,
      "precision": 0.6511627906976745,
      "recall": 1.0,
      "f1": 0.7887323943661971,
      "auc": 0.9622885338345865,
      "pr_auc": 0.7143138136450489,
      "n_samples": 180
    },
    "Temporal Ordering Exposure Before Mediator": {
      "accuracy": 0.7777777777777778,
      "precision": 0.6792452830188679,
      "recall": 0.9230769230769231,
      "f1": 0.782608695652174,
      "auc": 0.8563976872800403,
      "pr_auc": 0.7679101400230002,
      "n_samples": 180
    },
    "Temporal Ordering Mediator Before Outcome": {
      "accuracy": 0.6888888888888889,
      "precision": 0.4909090909090909,
      "recall": 1.0,
      "f1": 0.6585365853658537,
      "auc": 0.8833039388594944,
      "pr_auc": 0.6605801571693902,
      "n_samples": 180
    },
    "Discussed Mediator Assumptions": {
      "accuracy": 0.5888888888888889,
      "precision": 0.4444444444444444,
      "recall": 0.6984126984126984,
      "f1": 0.5432098765432098,
      "auc": 0.6368199701533035,
      "pr_auc": 0.4406656888280027,
      "n_samples": 180
    },
    "Sensitivity Analysis to Assumption": {
      "accuracy": 0.7611111111111111,
      "precision": 0.06666666666666667,
      "recall": 0.75,
      "f1": 0.12244897959183673,
      "auc": 0.8664772727272728,
      "pr_auc": 0.10678837291740517,
      "n_samples": 180
    },
    "Control for Other Post-Exposure Variables": {
      "accuracy": 0.8777777777777778,
      "precision": 0.22727272727272727,
      "recall": 0.5,
      "f1": 0.3125,
      "auc": 0.7517647058823529,
      "pr_auc": 0.2834719710669078,
      "n_samples": 180
    },
    "overall": {
      "accuracy": 0.7797619047619048,
      "precision": 0.740226521808512,
      "recall": 0.810134036939314,
      "f1": 0.7494119171063365,
      "auc": 0.7968675461741425,
      "pr_auc": 0.49252400170827554,
      "n_samples": 2520,
      "n_positive": 625,
      "n_classes": 2
    }
  },
  "n_predictions": 180,
  "output_file": "results/predictions_gpt_4o_detailed_run4_temp0.5.json",
  "confidence_file": "results/predictions_gpt_4o_detailed_run4_temp0.5_confidence.json",
  "checkpoint_file": "results/checkpoint_gpt_4o_detailed_run4_temp0.5.pkl",
  "timestamp": "2025-08-06T23:43:49.106000",
  "task_id": "gpt-4o_detailed_run4_temp0.5"
}