{
  "run_id": 1,
  "model": "o3-2025-04-16",
  "prompt_type": "detailed",
  "temperature": 1.0,
  "metrics": {
    "Randomized Exposure": {
      "accuracy": 0.9666666666666667,
      "precision": 0.9523809523809523,
      "recall": 0.9090909090909091,
      "f1": 0.9302325581395349,
      "auc": 0.3286263368983957,
      "pr_auc": 0.19923292988384236,
      "n_samples": 180
    },
    "Causal Mediation": {
      "accuracy": 0.9277777777777778,
      "precision": 0.3684210526315789,
      "recall": 0.875,
      "f1": 0.5185185185185185,
      "auc": 0.8462936046511628,
      "pr_auc": 0.4842222314599268,
      "n_samples": 180
    },
    "Examined Mediator-Outcome Linearity": {
      "accuracy": 0.9222222222222223,
      "precision": 0.0,
      "recall": 0.0,
      "f1": 0.0,
      "auc": 0.5559380378657487,
      "pr_auc": 0.19754639964017304,
      "n_samples": 180
    },
    "Examined Exposure-Mediator Interaction": {
      "accuracy": 0.9555555555555556,
      "precision": 0.4166666666666667,
      "recall": 0.8333333333333334,
      "f1": 0.5555555555555556,
      "auc": 0.8692528735632183,
      "pr_auc": 0.24258211041229913,
      "n_samples": 180
    },
    "Covariates in Exposure-Mediator Model": {
      "accuracy": 0.8055555555555556,
      "precision": 0.7727272727272727,
      "recall": 0.8947368421052632,
      "f1": 0.8292682926829268,
      "auc": 0.8156656346749226,
      "pr_auc": 0.7929103041557993,
      "n_samples": 180
    },
    "Covariates in Exposure-Outcome Model": {
      "accuracy": 0.7888888888888889,
      "precision": 0.7401574803149606,
      "recall": 0.9494949494949495,
      "f1": 0.831858407079646,
      "auc": 0.813443072702332,
      "pr_auc": 0.7916419311073323,
      "n_samples": 180
    },
    "Covariates in Mediator-Outcome Model": {
      "accuracy": 0.8,
      "precision": 0.7647058823529411,
      "recall": 0.9191919191919192,
      "f1": 0.8348623853211009,
      "auc": 0.7964210001247038,
      "pr_auc": 0.7772918792980233,
      "n_samples": 180
    },
    "Control for Baseline Mediator": {
      "accuracy": 0.9666666666666667,
      "precision": 0.8148148148148148,
      "recall": 0.9565217391304348,
      "f1": 0.88,
      "auc": 0.738576571586818,
      "pr_auc": 0.2170069850616901,
      "n_samples": 180
    },
    "Control for Baseline Outcome": {
      "accuracy": 0.9611111111111111,
      "precision": 0.8,
      "recall": 1.0,
      "f1": 0.8888888888888888,
      "auc": 0.7823073308270677,
      "pr_auc": 0.2951781803392462,
      "n_samples": 180
    },
    "Temporal Ordering Exposure Before Mediator": {
      "accuracy": 0.8777777777777778,
      "precision": 0.8255813953488372,
      "recall": 0.9102564102564102,
      "f1": 0.8658536585365854,
      "auc": 0.7357340372046255,
      "pr_auc": 0.6050162286427355,
      "n_samples": 180
    },
    "Temporal Ordering Mediator Before Outcome": {
      "accuracy": 0.9388888888888889,
      "precision": 0.864406779661017,
      "recall": 0.9444444444444444,
      "f1": 0.9026548672566371,
      "auc": 0.8218694885361552,
      "pr_auc": 0.5573747510653392,
      "n_samples": 180
    },
    "Discussed Mediator Assumptions": {
      "accuracy": 0.7055555555555556,
      "precision": 0.65625,
      "recall": 0.3333333333333333,
      "f1": 0.4421052631578947,
      "auc": 0.7323972323972324,
      "pr_auc": 0.5692544352959035,
      "n_samples": 180
    },
    "Sensitivity Analysis to Assumption": {
      "accuracy": 0.9555555555555556,
      "precision": 0.3333333333333333,
      "recall": 1.0,
      "f1": 0.5,
      "auc": 0.7776988636363636,
      "pr_auc": 0.04955839047174381,
      "n_samples": 180
    },
    "Control for Other Post-Exposure Variables": {
      "accuracy": 0.8777777777777778,
      "precision": 0.2,
      "recall": 0.4,
      "f1": 0.26666666666666666,
      "auc": 0.7044117647058823,
      "pr_auc": 0.12002811306610055,
      "n_samples": 180
    },
    "overall": {
      "accuracy": 0.8892857142857142,
      "precision": 0.8455494505494505,
      "recall": 0.8716981530343008,
      "f1": 0.8571665100688184,
      "auc": 0.7583696042216359,
      "pr_auc": 0.4044979119548265,
      "n_samples": 2520,
      "n_positive": 625,
      "n_classes": 2
    }
  },
  "n_predictions": 180,
  "output_file": "results/predictions_o3_2025_04_16_detailed_run1_temp1.0.json",
  "confidence_file": "results/predictions_o3_2025_04_16_detailed_run1_temp1.0_confidence.json",
  "checkpoint_file": "results/checkpoint_o3_2025_04_16_detailed_run1_temp1.0.pkl",
  "timestamp": "2025-08-07T12:10:44.280330",
  "task_id": "o3-2025-04-16_detailed_run1_temp1.0"
}