{
  "run_id": 5,
  "model": "gpt-4o",
  "prompt_type": "basic",
  "temperature": 1.0,
  "metrics": {
    "Randomized Exposure": {
      "accuracy": 0.9611111111111111,
      "precision": 0.9302325581395349,
      "recall": 0.9090909090909091,
      "f1": 0.9195402298850575,
      "auc": 0.5522225935828877,
      "pr_auc": 0.2981009468343483,
      "n_samples": 180
    },
    "Causal Mediation": {
      "accuracy": 0.16666666666666666,
      "precision": 0.04487179487179487,
      "recall": 0.875,
      "f1": 0.08536585365853659,
      "auc": 0.6311773255813953,
      "pr_auc": 0.07617164597764484,
      "n_samples": 180
    },
    "Examined Mediator-Outcome Linearity": {
      "accuracy": 0.6555555555555556,
      "precision": 0.1,
      "recall": 0.42857142857142855,
      "f1": 0.16216216216216217,
      "auc": 0.5976764199655765,
      "pr_auc": 0.12309577709934495,
      "n_samples": 180
    },
    "Examined Exposure-Mediator Interaction": {
      "accuracy": 0.7888888888888889,
      "precision": 0.13636363636363635,
      "recall": 1.0,
      "f1": 0.24,
      "auc": 0.9386973180076628,
      "pr_auc": 0.2361111111111111,
      "n_samples": 180
    },
    "Covariates in Exposure-Mediator Model": {
      "accuracy": 0.7222222222222222,
      "precision": 0.6771653543307087,
      "recall": 0.9052631578947369,
      "f1": 0.7747747747747747,
      "auc": 0.7566563467492261,
      "pr_auc": 0.7193588620419155,
      "n_samples": 180
    },
    "Covariates in Exposure-Outcome Model": {
      "accuracy": 0.7166666666666667,
      "precision": 0.6714285714285714,
      "recall": 0.9494949494949495,
      "f1": 0.7866108786610879,
      "auc": 0.7524005486968449,
      "pr_auc": 0.729307043738418,
      "n_samples": 180
    },
    "Covariates in Mediator-Outcome Model": {
      "accuracy": 0.7222222222222222,
      "precision": 0.6814814814814815,
      "recall": 0.9292929292929293,
      "f1": 0.7863247863247863,
      "auc": 0.7609427609427609,
      "pr_auc": 0.7361562606872443,
      "n_samples": 180
    },
    "Control for Baseline Mediator": {
      "accuracy": 0.8833333333333333,
      "precision": 0.5555555555555556,
      "recall": 0.43478260869565216,
      "f1": 0.4878048780487805,
      "auc": 0.7287454998615343,
      "pr_auc": 0.5133735156184691,
      "n_samples": 180
    },
    "Control for Baseline Outcome": {
      "accuracy": 0.8666666666666667,
      "precision": 0.54,
      "recall": 0.9642857142857143,
      "f1": 0.6923076923076923,
      "auc": 0.9264567669172933,
      "pr_auc": 0.6417676730066161,
      "n_samples": 180
    },
    "Temporal Ordering Exposure Before Mediator": {
      "accuracy": 0.7277777777777777,
      "precision": 0.6283185840707964,
      "recall": 0.9102564102564102,
      "f1": 0.743455497382199,
      "auc": 0.8381096028154852,
      "pr_auc": 0.7529123702015668,
      "n_samples": 180
    },
    "Temporal Ordering Mediator Before Outcome": {
      "accuracy": 0.6222222222222222,
      "precision": 0.44166666666666665,
      "recall": 0.9814814814814815,
      "f1": 0.6091954022988506,
      "auc": 0.8165784832451499,
      "pr_auc": 0.5502963259917126,
      "n_samples": 180
    },
    "Discussed Mediator Assumptions": {
      "accuracy": 0.4388888888888889,
      "precision": 0.36619718309859156,
      "recall": 0.8253968253968254,
      "f1": 0.5073170731707317,
      "auc": 0.5417853751187084,
      "pr_auc": 0.3825692729137594,
      "n_samples": 180
    },
    "Sensitivity Analysis to Assumption": {
      "accuracy": 0.8388888888888889,
      "precision": 0.06896551724137931,
      "recall": 0.5,
      "f1": 0.12121212121212122,
      "auc": 0.8600852272727273,
      "pr_auc": 0.365530303030303,
      "n_samples": 180
    },
    "Control for Other Post-Exposure Variables": {
      "accuracy": 0.6888888888888889,
      "precision": 0.11666666666666667,
      "recall": 0.7,
      "f1": 0.2,
      "auc": 0.7791176470588236,
      "pr_auc": 0.12882329572540918,
      "n_samples": 180
    },
    "overall": {
      "accuracy": 0.7,
      "precision": 0.6954654202616014,
      "recall": 0.7619250659630608,
      "f1": 0.6780497499254745,
      "auc": 0.7681498680738785,
      "pr_auc": 0.44729625738218914,
      "n_samples": 2520,
      "n_positive": 625,
      "n_classes": 2
    }
  },
  "n_predictions": 180,
  "output_file": "results/predictions_gpt_4o_basic_run5_temp1.0.json",
  "confidence_file": "results/predictions_gpt_4o_basic_run5_temp1.0_confidence.json",
  "checkpoint_file": "results/checkpoint_gpt_4o_basic_run5_temp1.0.pkl",
  "timestamp": "2026-01-16T21:31:08.510102",
  "task_id": "gpt-4o_basic_run5_temp1.0"
}