{
  "run_id": 4,
  "model": "gpt-4o",
  "prompt_type": "basic",
  "temperature": 0.5,
  "metrics": {
    "Randomized Exposure": {
      "accuracy": 0.9777777777777777,
      "precision": 0.9347826086956522,
      "recall": 0.9772727272727273,
      "f1": 0.9555555555555556,
      "auc": 0.5965073529411765,
      "pr_auc": 0.36350113082364666,
      "n_samples": 180
    },
    "Causal Mediation": {
      "accuracy": 0.12777777777777777,
      "precision": 0.048484848484848485,
      "recall": 1.0,
      "f1": 0.09248554913294797,
      "auc": 0.7710755813953488,
      "pr_auc": 0.3159090909090909,
      "n_samples": 180
    },
    "Examined Mediator-Outcome Linearity": {
      "accuracy": 0.6111111111111112,
      "precision": 0.1,
      "recall": 0.5,
      "f1": 0.16666666666666666,
      "auc": 0.4933304647160069,
      "pr_auc": 0.09114361669459037,
      "n_samples": 180
    },
    "Examined Exposure-Mediator Interaction": {
      "accuracy": 0.8166666666666667,
      "precision": 0.15384615384615385,
      "recall": 1.0,
      "f1": 0.26666666666666666,
      "auc": 0.8802681992337165,
      "pr_auc": 0.15686977299880525,
      "n_samples": 180
    },
    "Covariates in Exposure-Mediator Model": {
      "accuracy": 0.7277777777777777,
      "precision": 0.7053571428571429,
      "recall": 0.8315789473684211,
      "f1": 0.7632850241545893,
      "auc": 0.7652012383900928,
      "pr_auc": 0.7397768291339265,
      "n_samples": 180
    },
    "Covariates in Exposure-Outcome Model": {
      "accuracy": 0.7166666666666667,
      "precision": 0.6714285714285714,
      "recall": 0.9494949494949495,
      "f1": 0.7866108786610879,
      "auc": 0.7871929168225464,
      "pr_auc": 0.7620934535418356,
      "n_samples": 180
    },
    "Covariates in Mediator-Outcome Model": {
      "accuracy": 0.7333333333333333,
      "precision": 0.6917293233082706,
      "recall": 0.9292929292929293,
      "f1": 0.7931034482758621,
      "auc": 0.7996632996632997,
      "pr_auc": 0.7853986727175132,
      "n_samples": 180
    },
    "Control for Baseline Mediator": {
      "accuracy": 0.9388888888888889,
      "precision": 0.7142857142857143,
      "recall": 0.8695652173913043,
      "f1": 0.7843137254901961,
      "auc": 0.9163666574356134,
      "pr_auc": 0.7280037161750716,
      "n_samples": 180
    },
    "Control for Baseline Outcome": {
      "accuracy": 0.8944444444444445,
      "precision": 0.5957446808510638,
      "recall": 1.0,
      "f1": 0.7466666666666667,
      "auc": 0.9550046992481203,
      "pr_auc": 0.6899585921325052,
      "n_samples": 180
    },
    "Temporal Ordering Exposure Before Mediator": {
      "accuracy": 0.7277777777777777,
      "precision": 0.6198347107438017,
      "recall": 0.9615384615384616,
      "f1": 0.7537688442211056,
      "auc": 0.8756284565108093,
      "pr_auc": 0.7799749010516599,
      "n_samples": 180
    },
    "Temporal Ordering Mediator Before Outcome": {
      "accuracy": 0.6055555555555555,
      "precision": 0.43089430894308944,
      "recall": 0.9814814814814815,
      "f1": 0.5988700564971752,
      "auc": 0.8453115814226925,
      "pr_auc": 0.6048634709745865,
      "n_samples": 180
    },
    "Discussed Mediator Assumptions": {
      "accuracy": 0.5222222222222223,
      "precision": 0.4206896551724138,
      "recall": 0.9682539682539683,
      "f1": 0.5865384615384616,
      "auc": 0.678334011667345,
      "pr_auc": 0.4796416319448495,
      "n_samples": 180
    },
    "Sensitivity Analysis to Assumption": {
      "accuracy": 0.8555555555555555,
      "precision": 0.10714285714285714,
      "recall": 0.75,
      "f1": 0.1875,
      "auc": 0.9247159090909091,
      "pr_auc": 0.13392857142857142,
      "n_samples": 180
    },
    "Control for Other Post-Exposure Variables": {
      "accuracy": 0.8222222222222222,
      "precision": 0.15625,
      "recall": 0.5,
      "f1": 0.23809523809523808,
      "auc": 0.628529411764706,
      "pr_auc": 0.1551970608918673,
      "n_samples": 180
    },
    "overall": {
      "accuracy": 0.7198412698412698,
      "precision": 0.7137710594533476,
      "recall": 0.7863767810026385,
      "f1": 0.6988036250830393,
      "auc": 0.7851896569920843,
      "pr_auc": 0.47348466889703217,
      "n_samples": 2520,
      "n_positive": 625,
      "n_classes": 2
    }
  },
  "n_predictions": 180,
  "output_file": "results/predictions_gpt_4o_basic_run4_temp0.5.json",
  "confidence_file": "results/predictions_gpt_4o_basic_run4_temp0.5_confidence.json",
  "checkpoint_file": "results/checkpoint_gpt_4o_basic_run4_temp0.5.pkl",
  "timestamp": "2025-08-06T19:43:55.526542",
  "task_id": "gpt-4o_basic_run4_temp0.5"
}