{
  "run_id": 3,
  "model": "gpt-4o-mini",
  "prompt_type": "basic",
  "temperature": 0.5,
  "metrics": {
    "Randomized Exposure": {
      "accuracy": 0.9444444444444444,
      "precision": 0.8148148148148148,
      "recall": 1.0,
      "f1": 0.8979591836734694,
      "auc": 0.2122326203208556,
      "pr_auc": 0.21829004329004328,
      "n_samples": 180
    },
    "Causal Mediation": {
      "accuracy": 0.08333333333333333,
      "precision": 0.046242774566473986,
      "recall": 1.0,
      "f1": 0.08839779005524862,
      "auc": 0.3168604651162791,
      "pr_auc": 0.03742011956297671,
      "n_samples": 180
    },
    "Examined Mediator-Outcome Linearity": {
      "accuracy": 0.08888888888888889,
      "precision": 0.07386363636363637,
      "recall": 0.9285714285714286,
      "f1": 0.1368421052631579,
      "auc": 0.515275387263339,
      "pr_auc": 0.08808386710737526,
      "n_samples": 180
    },
    "Examined Exposure-Mediator Interaction": {
      "accuracy": 0.6277777777777778,
      "precision": 0.015873015873015872,
      "recall": 0.16666666666666666,
      "f1": 0.028985507246376812,
      "auc": 0.5296934865900383,
      "pr_auc": 0.03645238336249572,
      "n_samples": 180
    },
    "Covariates in Exposure-Mediator Model": {
      "accuracy": 0.55,
      "precision": 0.5402298850574713,
      "recall": 0.9894736842105263,
      "f1": 0.6988847583643123,
      "auc": 0.7352321981424148,
      "pr_auc": 0.6845268385690475,
      "n_samples": 180
    },
    "Covariates in Exposure-Outcome Model": {
      "accuracy": 0.5833333333333334,
      "precision": 0.5697674418604651,
      "recall": 0.98989898989899,
      "f1": 0.7232472324723247,
      "auc": 0.7272727272727273,
      "pr_auc": 0.6948548454170781,
      "n_samples": 180
    },
    "Covariates in Mediator-Outcome Model": {
      "accuracy": 0.5666666666666667,
      "precision": 0.5606936416184971,
      "recall": 0.9797979797979798,
      "f1": 0.7132352941176471,
      "auc": 0.7184187554557925,
      "pr_auc": 0.6937723562921408,
      "n_samples": 180
    },
    "Control for Baseline Mediator": {
      "accuracy": 0.7777777777777778,
      "precision": 0.36507936507936506,
      "recall": 1.0,
      "f1": 0.5348837209302325,
      "auc": 0.4602603157020216,
      "pr_auc": 0.13212905326456195,
      "n_samples": 180
    },
    "Control for Baseline Outcome": {
      "accuracy": 0.7833333333333333,
      "precision": 0.417910447761194,
      "recall": 1.0,
      "f1": 0.5894736842105263,
      "auc": 0.5057565789473685,
      "pr_auc": 0.18174452916849085,
      "n_samples": 180
    },
    "Temporal Ordering Exposure Before Mediator": {
      "accuracy": 0.4888888888888889,
      "precision": 0.4573170731707317,
      "recall": 0.9615384615384616,
      "f1": 0.6198347107438017,
      "auc": 0.5557440925087984,
      "pr_auc": 0.4573300342935247,
      "n_samples": 180
    },
    "Temporal Ordering Mediator Before Outcome": {
      "accuracy": 0.34444444444444444,
      "precision": 0.313953488372093,
      "recall": 1.0,
      "f1": 0.4778761061946903,
      "auc": 0.5615814226925337,
      "pr_auc": 0.32271300321409624,
      "n_samples": 180
    },
    "Discussed Mediator Assumptions": {
      "accuracy": 0.36666666666666664,
      "precision": 0.3473053892215569,
      "recall": 0.9206349206349206,
      "f1": 0.5043478260869565,
      "auc": 0.5349342016008682,
      "pr_auc": 0.37479272290286153,
      "n_samples": 180
    },
    "Sensitivity Analysis to Assumption": {
      "accuracy": 0.8722222222222222,
      "precision": 0.14814814814814814,
      "recall": 1.0,
      "f1": 0.25806451612903225,
      "auc": 0.5369318181818182,
      "pr_auc": 0.043478260869565216,
      "n_samples": 180
    },
    "Control for Other Post-Exposure Variables": {
      "accuracy": 0.9111111111111111,
      "precision": 0.3125,
      "recall": 0.5,
      "f1": 0.38461538461538464,
      "auc": 0.5438235294117647,
      "pr_auc": 0.05952092840231209,
      "n_samples": 180
    },
    "overall": {
      "accuracy": 0.5706349206349206,
      "precision": 0.6678284747886702,
      "recall": 0.7021804749340369,
      "f1": 0.5669005426609256,
      "auc": 0.5480645910290237,
      "pr_auc": 0.2631246668289865,
      "n_samples": 2520,
      "n_positive": 625,
      "n_classes": 2
    }
  },
  "n_predictions": 180,
  "output_file": "results/predictions_gpt_4o_mini_basic_run3_temp0.5.json",
  "confidence_file": "results/predictions_gpt_4o_mini_basic_run3_temp0.5_confidence.json",
  "checkpoint_file": "results/checkpoint_gpt_4o_mini_basic_run3_temp0.5.pkl",
  "timestamp": "2025-08-07T01:57:58.190444",
  "task_id": "gpt-4o-mini_basic_run3_temp0.5"
}