{
  "run_id": 5,
  "model": "o3-2025-04-16",
  "prompt_type": "basic",
  "temperature": 1.0,
  "metrics": {
    "Randomized Exposure": {
      "accuracy": 0.9555555555555556,
      "precision": 0.95,
      "recall": 0.8636363636363636,
      "f1": 0.9047619047619048,
      "auc": 0.31116310160427807,
      "pr_auc": 0.18845854825037148,
      "n_samples": 180
    },
    "Causal Mediation": {
      "accuracy": 0.6611111111111111,
      "precision": 0.1044776119402985,
      "recall": 0.875,
      "f1": 0.18666666666666668,
      "auc": 0.8121366279069768,
      "pr_auc": 0.504477640858715,
      "n_samples": 180
    },
    "Examined Mediator-Outcome Linearity": {
      "accuracy": 0.9166666666666666,
      "precision": 0.0,
      "recall": 0.0,
      "f1": 0.0,
      "auc": 0.5436746987951807,
      "pr_auc": 0.0957748651453252,
      "n_samples": 180
    },
    "Examined Exposure-Mediator Interaction": {
      "accuracy": 0.9722222222222222,
      "precision": 0.5714285714285714,
      "recall": 0.6666666666666666,
      "f1": 0.6153846153846154,
      "auc": 0.9195402298850575,
      "pr_auc": 0.5213203104881727,
      "n_samples": 180
    },
    "Covariates in Exposure-Mediator Model": {
      "accuracy": 0.8055555555555556,
      "precision": 0.7777777777777778,
      "recall": 0.8842105263157894,
      "f1": 0.8275862068965517,
      "auc": 0.8434674922600619,
      "pr_auc": 0.8111733570218295,
      "n_samples": 180
    },
    "Covariates in Exposure-Outcome Model": {
      "accuracy": 0.7888888888888889,
      "precision": 0.744,
      "recall": 0.9393939393939394,
      "f1": 0.8303571428571429,
      "auc": 0.8236064347175459,
      "pr_auc": 0.8115782765944551,
      "n_samples": 180
    },
    "Covariates in Mediator-Outcome Model": {
      "accuracy": 0.8,
      "precision": 0.7692307692307693,
      "recall": 0.9090909090909091,
      "f1": 0.8333333333333334,
      "auc": 0.8454296046888641,
      "pr_auc": 0.8320673376450822,
      "n_samples": 180
    },
    "Control for Baseline Mediator": {
      "accuracy": 0.9666666666666667,
      "precision": 0.8148148148148148,
      "recall": 0.9565217391304348,
      "f1": 0.88,
      "auc": 0.8418720576017723,
      "pr_auc": 0.3364116159545264,
      "n_samples": 180
    },
    "Control for Baseline Outcome": {
      "accuracy": 0.9611111111111111,
      "precision": 0.8,
      "recall": 1.0,
      "f1": 0.8888888888888888,
      "auc": 0.8616071428571428,
      "pr_auc": 0.407500470815683,
      "n_samples": 180
    },
    "Temporal Ordering Exposure Before Mediator": {
      "accuracy": 0.8444444444444444,
      "precision": 0.7717391304347826,
      "recall": 0.9102564102564102,
      "f1": 0.8352941176470589,
      "auc": 0.8560834590246356,
      "pr_auc": 0.7629623081421808,
      "n_samples": 180
    },
    "Temporal Ordering Mediator Before Outcome": {
      "accuracy": 0.9166666666666666,
      "precision": 0.8305084745762712,
      "recall": 0.9074074074074074,
      "f1": 0.8672566371681416,
      "auc": 0.8962375073486185,
      "pr_auc": 0.7328831864724471,
      "n_samples": 180
    },
    "Discussed Mediator Assumptions": {
      "accuracy": 0.7055555555555556,
      "precision": 0.6190476190476191,
      "recall": 0.4126984126984127,
      "f1": 0.49523809523809526,
      "auc": 0.7114367114367114,
      "pr_auc": 0.575056571521205,
      "n_samples": 180
    },
    "Sensitivity Analysis to Assumption": {
      "accuracy": 0.9666666666666667,
      "precision": 0.3333333333333333,
      "recall": 0.5,
      "f1": 0.4,
      "auc": 0.8053977272727273,
      "pr_auc": 0.07042037614326771,
      "n_samples": 180
    },
    "Control for Other Post-Exposure Variables": {
      "accuracy": 0.8666666666666667,
      "precision": 0.15,
      "recall": 0.3,
      "f1": 0.2,
      "auc": 0.7817647058823529,
      "pr_auc": 0.23764330180289434,
      "n_samples": 180
    },
    "overall": {
      "accuracy": 0.8662698412698413,
      "precision": 0.8160750609791114,
      "recall": 0.8531778364116096,
      "f1": 0.8311716892313803,
      "auc": 0.7917002638522428,
      "pr_auc": 0.45379224662132844,
      "n_samples": 2520,
      "n_positive": 625,
      "n_classes": 2
    }
  },
  "n_predictions": 180,
  "output_file": "results/predictions_o3_2025_04_16_basic_run5_temp1.0.json",
  "confidence_file": "results/predictions_o3_2025_04_16_basic_run5_temp1.0_confidence.json",
  "checkpoint_file": "results/checkpoint_o3_2025_04_16_basic_run5_temp1.0.pkl",
  "timestamp": "2025-08-07T11:09:35.187734",
  "task_id": "o3-2025-04-16_basic_run5_temp1.0"
}