{
  "run_id": 4,
  "model": "gpt-4o-mini",
  "prompt_type": "detailed",
  "temperature": 1.0,
  "metrics": {
    "Randomized Exposure": {
      "accuracy": 0.9555555555555556,
      "precision": 0.86,
      "recall": 0.9772727272727273,
      "f1": 0.9148936170212766,
      "auc": 0.4057486631016043,
      "pr_auc": 0.22706821738511881,
      "n_samples": 180
    },
    "Causal Mediation": {
      "accuracy": 0.08888888888888889,
      "precision": 0.046511627906976744,
      "recall": 1.0,
      "f1": 0.08888888888888889,
      "auc": 0.6170058139534884,
      "pr_auc": 0.060264410705095216,
      "n_samples": 180
    },
    "Examined Mediator-Outcome Linearity": {
      "accuracy": 0.8666666666666667,
      "precision": 0.0,
      "recall": 0.0,
      "f1": 0.0,
      "auc": 0.44061962134251287,
      "pr_auc": 0.07595544641553957,
      "n_samples": 180
    },
    "Examined Exposure-Mediator Interaction": {
      "accuracy": 0.7444444444444445,
      "precision": 0.06521739130434782,
      "recall": 0.5,
      "f1": 0.11538461538461539,
      "auc": 0.6824712643678161,
      "pr_auc": 0.05389353998016559,
      "n_samples": 180
    },
    "Covariates in Exposure-Mediator Model": {
      "accuracy": 0.5333333333333333,
      "precision": 0.5307262569832403,
      "recall": 1.0,
      "f1": 0.6934306569343066,
      "auc": 0.704829721362229,
      "pr_auc": 0.664965267659975,
      "n_samples": 180
    },
    "Covariates in Exposure-Outcome Model": {
      "accuracy": 0.55,
      "precision": 0.550561797752809,
      "recall": 0.98989898989899,
      "f1": 0.7075812274368231,
      "auc": 0.7272103753585235,
      "pr_auc": 0.7019688117506908,
      "n_samples": 180
    },
    "Covariates in Mediator-Outcome Model": {
      "accuracy": 0.5555555555555556,
      "precision": 0.5536723163841808,
      "recall": 0.98989898989899,
      "f1": 0.7101449275362319,
      "auc": 0.7287691732136177,
      "pr_auc": 0.7064286445024519,
      "n_samples": 180
    },
    "Control for Baseline Mediator": {
      "accuracy": 0.8222222222222222,
      "precision": 0.41818181818181815,
      "recall": 1.0,
      "f1": 0.5897435897435898,
      "auc": 0.47521462198836895,
      "pr_auc": 0.13090228490962091,
      "n_samples": 180
    },
    "Control for Baseline Outcome": {
      "accuracy": 0.8333333333333334,
      "precision": 0.4827586206896552,
      "recall": 1.0,
      "f1": 0.6511627906976745,
      "auc": 0.5034069548872181,
      "pr_auc": 0.16647735614847642,
      "n_samples": 180
    },
    "Temporal Ordering Exposure Before Mediator": {
      "accuracy": 0.4444444444444444,
      "precision": 0.4367816091954023,
      "recall": 0.9743589743589743,
      "f1": 0.6031746031746031,
      "auc": 0.5446204122674712,
      "pr_auc": 0.45655708621046504,
      "n_samples": 180
    },
    "Temporal Ordering Mediator Before Outcome": {
      "accuracy": 0.3111111111111111,
      "precision": 0.30337078651685395,
      "recall": 1.0,
      "f1": 0.46551724137931033,
      "auc": 0.5768665490887713,
      "pr_auc": 0.33615918488746493,
      "n_samples": 180
    },
    "Discussed Mediator Assumptions": {
      "accuracy": 0.3611111111111111,
      "precision": 0.3539325842696629,
      "recall": 1.0,
      "f1": 0.5228215767634855,
      "auc": 0.501017501017501,
      "pr_auc": 0.3509047179889358,
      "n_samples": 180
    },
    "Sensitivity Analysis to Assumption": {
      "accuracy": 0.4444444444444444,
      "precision": 0.038461538461538464,
      "recall": 1.0,
      "f1": 0.07407407407407407,
      "auc": 0.5305397727272727,
      "pr_auc": 0.024847875773576084,
      "n_samples": 180
    },
    "Control for Other Post-Exposure Variables": {
      "accuracy": 0.9333333333333333,
      "precision": 0.375,
      "recall": 0.3,
      "f1": 0.3333333333333333,
      "auc": 0.6523529411764706,
      "pr_auc": 0.07707563025210085,
      "n_samples": 180
    },
    "overall": {
      "accuracy": 0.6031746031746031,
      "precision": 0.6749571935867723,
      "recall": 0.7205994722955145,
      "f1": 0.5963360124661691,
      "auc": 0.5716166754617414,
      "pr_auc": 0.28592166254673945,
      "n_samples": 2520,
      "n_positive": 625,
      "n_classes": 2
    }
  },
  "n_predictions": 180,
  "output_file": "results/predictions_gpt_4o_mini_detailed_run4_temp1.0.json",
  "confidence_file": "results/predictions_gpt_4o_mini_detailed_run4_temp1.0_confidence.json",
  "checkpoint_file": "results/checkpoint_gpt_4o_mini_detailed_run4_temp1.0.pkl",
  "timestamp": "2026-01-16T15:41:21.265174",
  "task_id": "gpt-4o-mini_detailed_run4_temp1.0"
}