{
  "run_id": 3,
  "model": "gpt-4o",
  "prompt_type": "basic",
  "temperature": 1.0,
  "metrics": {
    "Randomized Exposure": {
      "accuracy": 0.9833333333333333,
      "precision": 0.9361702127659575,
      "recall": 1.0,
      "f1": 0.967032967032967,
      "auc": 0.6412098930481285,
      "pr_auc": 0.3546243848082459,
      "n_samples": 180
    },
    "Causal Mediation": {
      "accuracy": 0.1388888888888889,
      "precision": 0.049079754601226995,
      "recall": 1.0,
      "f1": 0.0935672514619883,
      "auc": 0.6242732558139534,
      "pr_auc": 0.11107782800501062,
      "n_samples": 180
    },
    "Examined Mediator-Outcome Linearity": {
      "accuracy": 0.7,
      "precision": 0.1,
      "recall": 0.35714285714285715,
      "f1": 0.15625,
      "auc": 0.5869191049913942,
      "pr_auc": 0.09651739743803295,
      "n_samples": 180
    },
    "Examined Exposure-Mediator Interaction": {
      "accuracy": 0.7944444444444444,
      "precision": 0.10256410256410256,
      "recall": 0.6666666666666666,
      "f1": 0.17777777777777778,
      "auc": 0.8510536398467434,
      "pr_auc": 0.1126112205221431,
      "n_samples": 180
    },
    "Covariates in Exposure-Mediator Model": {
      "accuracy": 0.6722222222222223,
      "precision": 0.6551724137931034,
      "recall": 0.8,
      "f1": 0.7203791469194313,
      "auc": 0.7337461300309598,
      "pr_auc": 0.7368385968199899,
      "n_samples": 180
    },
    "Covariates in Exposure-Outcome Model": {
      "accuracy": 0.7333333333333333,
      "precision": 0.6834532374100719,
      "recall": 0.9595959595959596,
      "f1": 0.7983193277310925,
      "auc": 0.7802095024317247,
      "pr_auc": 0.7482902014105104,
      "n_samples": 180
    },
    "Covariates in Mediator-Outcome Model": {
      "accuracy": 0.7111111111111111,
      "precision": 0.6766917293233082,
      "recall": 0.9090909090909091,
      "f1": 0.7758620689655172,
      "auc": 0.7458535977054496,
      "pr_auc": 0.7280287050376834,
      "n_samples": 180
    },
    "Control for Baseline Mediator": {
      "accuracy": 0.9222222222222223,
      "precision": 0.6956521739130435,
      "recall": 0.6956521739130435,
      "f1": 0.6956521739130435,
      "auc": 0.8519800609249516,
      "pr_auc": 0.6254189008888895,
      "n_samples": 180
    },
    "Control for Baseline Outcome": {
      "accuracy": 0.8833333333333333,
      "precision": 0.5714285714285714,
      "recall": 1.0,
      "f1": 0.7272727272727273,
      "auc": 0.9633458646616542,
      "pr_auc": 0.7593623307909022,
      "n_samples": 180
    },
    "Temporal Ordering Exposure Before Mediator": {
      "accuracy": 0.7055555555555556,
      "precision": 0.6068376068376068,
      "recall": 0.9102564102564102,
      "f1": 0.7282051282051282,
      "auc": 0.8269230769230769,
      "pr_auc": 0.7383213478820343,
      "n_samples": 180
    },
    "Temporal Ordering Mediator Before Outcome": {
      "accuracy": 0.6111111111111112,
      "precision": 0.43548387096774194,
      "recall": 1.0,
      "f1": 0.6067415730337079,
      "auc": 0.8478101116990007,
      "pr_auc": 0.6218450347329566,
      "n_samples": 180
    },
    "Discussed Mediator Assumptions": {
      "accuracy": 0.4111111111111111,
      "precision": 0.34965034965034963,
      "recall": 0.7936507936507936,
      "f1": 0.4854368932038835,
      "auc": 0.5712250712250712,
      "pr_auc": 0.4182588303038773,
      "n_samples": 180
    },
    "Sensitivity Analysis to Assumption": {
      "accuracy": 0.8166666666666667,
      "precision": 0.08571428571428572,
      "recall": 0.75,
      "f1": 0.15384615384615385,
      "auc": 0.9062499999999999,
      "pr_auc": 0.12682512733446522,
      "n_samples": 180
    },
    "Control for Other Post-Exposure Variables": {
      "accuracy": 0.7555555555555555,
      "precision": 0.14583333333333334,
      "recall": 0.7,
      "f1": 0.2413793103448276,
      "auc": 0.7958823529411765,
      "pr_auc": 0.2035631028917806,
      "n_samples": 180
    },
    "overall": {
      "accuracy": 0.7027777777777777,
      "precision": 0.696121010259423,
      "recall": 0.7626997361477572,
      "f1": 0.6802419988076924,
      "auc": 0.7659630606860158,
      "pr_auc": 0.45742858737266195,
      "n_samples": 2520,
      "n_positive": 625,
      "n_classes": 2
    }
  },
  "n_predictions": 180,
  "output_file": "results/predictions_gpt_4o_basic_run3_temp1.0.json",
  "confidence_file": "results/predictions_gpt_4o_basic_run3_temp1.0_confidence.json",
  "checkpoint_file": "results/checkpoint_gpt_4o_basic_run3_temp1.0.pkl",
  "timestamp": "2026-01-16T19:48:01.635043",
  "task_id": "gpt-4o_basic_run3_temp1.0"
}