{
  "run_id": 2,
  "model": "gpt-4o",
  "prompt_type": "basic",
  "temperature": 1.0,
  "metrics": {
    "Randomized Exposure": {
      "accuracy": 0.9722222222222222,
      "precision": 0.9534883720930233,
      "recall": 0.9318181818181818,
      "f1": 0.9425287356321839,
      "auc": 0.5947526737967915,
      "pr_auc": 0.3465649071623663,
      "n_samples": 180
    },
    "Causal Mediation": {
      "accuracy": 0.16666666666666666,
      "precision": 0.05063291139240506,
      "recall": 1.0,
      "f1": 0.0963855421686747,
      "auc": 0.7427325581395349,
      "pr_auc": 0.101559934318555,
      "n_samples": 180
    },
    "Examined Mediator-Outcome Linearity": {
      "accuracy": 0.6777777777777778,
      "precision": 0.09259259259259259,
      "recall": 0.35714285714285715,
      "f1": 0.14705882352941177,
      "auc": 0.387263339070568,
      "pr_auc": 0.0753388782523789,
      "n_samples": 180
    },
    "Examined Exposure-Mediator Interaction": {
      "accuracy": 0.8,
      "precision": 0.125,
      "recall": 0.8333333333333334,
      "f1": 0.21739130434782608,
      "auc": 0.9137931034482758,
      "pr_auc": 0.18434343434343436,
      "n_samples": 180
    },
    "Covariates in Exposure-Mediator Model": {
      "accuracy": 0.7333333333333333,
      "precision": 0.7043478260869566,
      "recall": 0.8526315789473684,
      "f1": 0.7714285714285715,
      "auc": 0.7886687306501547,
      "pr_auc": 0.764227530899144,
      "n_samples": 180
    },
    "Covariates in Exposure-Outcome Model": {
      "accuracy": 0.7166666666666667,
      "precision": 0.6666666666666666,
      "recall": 0.9696969696969697,
      "f1": 0.7901234567901234,
      "auc": 0.8111360518767927,
      "pr_auc": 0.7794251161729697,
      "n_samples": 180
    },
    "Covariates in Mediator-Outcome Model": {
      "accuracy": 0.7166666666666667,
      "precision": 0.6739130434782609,
      "recall": 0.9393939393939394,
      "f1": 0.7848101265822784,
      "auc": 0.7885023070208256,
      "pr_auc": 0.7601887247271683,
      "n_samples": 180
    },
    "Control for Baseline Mediator": {
      "accuracy": 0.9,
      "precision": 0.631578947368421,
      "recall": 0.5217391304347826,
      "f1": 0.5714285714285714,
      "auc": 0.7309609526446967,
      "pr_auc": 0.40245401129726643,
      "n_samples": 180
    },
    "Control for Baseline Outcome": {
      "accuracy": 0.8666666666666667,
      "precision": 0.54,
      "recall": 0.9642857142857143,
      "f1": 0.6923076923076923,
      "auc": 0.962406015037594,
      "pr_auc": 0.7584966717526532,
      "n_samples": 180
    },
    "Temporal Ordering Exposure Before Mediator": {
      "accuracy": 0.7666666666666667,
      "precision": 0.6636363636363637,
      "recall": 0.9358974358974359,
      "f1": 0.776595744680851,
      "auc": 0.8346530920060332,
      "pr_auc": 0.7236289038150694,
      "n_samples": 180
    },
    "Temporal Ordering Mediator Before Outcome": {
      "accuracy": 0.6388888888888888,
      "precision": 0.453781512605042,
      "recall": 1.0,
      "f1": 0.6242774566473989,
      "auc": 0.8478101116990006,
      "pr_auc": 0.6168473095737247,
      "n_samples": 180
    },
    "Discussed Mediator Assumptions": {
      "accuracy": 0.4666666666666667,
      "precision": 0.38461538461538464,
      "recall": 0.873015873015873,
      "f1": 0.5339805825242718,
      "auc": 0.5848595848595849,
      "pr_auc": 0.39390858556507735,
      "n_samples": 180
    },
    "Sensitivity Analysis to Assumption": {
      "accuracy": 0.85,
      "precision": 0.12903225806451613,
      "recall": 1.0,
      "f1": 0.22857142857142856,
      "auc": 0.9176136363636364,
      "pr_auc": 0.1470737080257204,
      "n_samples": 180
    },
    "Control for Other Post-Exposure Variables": {
      "accuracy": 0.7277777777777777,
      "precision": 0.14545454545454545,
      "recall": 0.8,
      "f1": 0.24615384615384617,
      "auc": 0.7541176470588236,
      "pr_auc": 0.1628816108517523,
      "n_samples": 180
    },
    "overall": {
      "accuracy": 0.7142857142857143,
      "precision": 0.706304672558939,
      "recall": 0.7762490765171504,
      "f1": 0.6921314332720674,
      "auc": 0.7738891820580476,
      "pr_auc": 0.4570181012811642,
      "n_samples": 2520,
      "n_positive": 625,
      "n_classes": 2
    }
  },
  "n_predictions": 180,
  "output_file": "results/predictions_gpt_4o_basic_run2_temp1.0.json",
  "confidence_file": "results/predictions_gpt_4o_basic_run2_temp1.0_confidence.json",
  "checkpoint_file": "results/checkpoint_gpt_4o_basic_run2_temp1.0.pkl",
  "timestamp": "2026-01-16T18:19:00.601155",
  "task_id": "gpt-4o_basic_run2_temp1.0"
}